{
  "timestamp": "2026-02-05T15:15:33.675329",
  "total_models": 13,
  "total_samples": 32,
  "verdict_distribution": {
    "Mixed": 14,
    "Poisson": 18
  },
  "ks_statistics": {
    "goe_mean": 0.6507450371453196,
    "goe_std": 0.15262556913055714,
    "poisson_mean": 0.46182838672555004,
    "poisson_std": 0.17429258585485358
  },
  "ttest": {
    "t_statistic": 29.312574025684658,
    "p_value": 3.620968371755921e-24
  },
  "detailed_results": {
    "Qwen2.5-0.5B": {
      "Layer 0": {
        "verdict": "Mixed",
        "ks_goe": 0.774050477763128,
        "ks_poisson": 0.6156306338043852,
        "confidence": 0.2573293713143589
      },
      "Layer 5": {
        "verdict": "Poisson",
        "ks_goe": 0.3523258345753121,
        "ks_poisson": 0.14987638323000685,
        "confidence": 2.350776199573868
      },
      "Layer 11": {
        "verdict": "Poisson",
        "ks_goe": 0.33727382175083265,
        "ks_poisson": 0.1749872118401128,
        "confidence": 1.9274198280215038
      }
    },
    "Qwen2.5-1.5B": {
      "Layer 0": {
        "verdict": "Mixed",
        "ks_goe": 0.7538406823667719,
        "ks_poisson": 0.5527021942387186,
        "confidence": 0.36391838176994695
      },
      "Layer 9": {
        "verdict": "Poisson",
        "ks_goe": 0.36522462208806883,
        "ks_poisson": 0.17289531277522974,
        "confidence": 2.1124032585132846
      },
      "Layer 17": {
        "verdict": "Poisson",
        "ks_goe": 0.43012163530343517,
        "ks_poisson": 0.2294512826379037,
        "confidence": 1.8745662711426576
      }
    },
    "Qwen2.5-3B": {
      "Layer 0": {
        "verdict": "Poisson",
        "ks_goe": 0.6628617340317574,
        "ks_poisson": 0.45105734477697723,
        "confidence": 1.4695730857891376
      },
      "Layer 12": {
        "verdict": "Poisson",
        "ks_goe": 0.47727851379657293,
        "ks_poisson": 0.2687895355949066,
        "confidence": 1.7756588356024419
      }
    },
    "gpt2": {
      "Layer 0": {
        "verdict": "Poisson",
        "ks_goe": 0.6310466544258237,
        "ks_poisson": 0.4273772011990653,
        "confidence": 1.4765566638916066
      },
      "Layer 5": {
        "verdict": "Poisson",
        "ks_goe": 0.5249235777687062,
        "ks_poisson": 0.3108468312949836,
        "confidence": 1.6886888490446625
      },
      "Layer 11": {
        "verdict": "Poisson",
        "ks_goe": 0.6538795073464454,
        "ks_poisson": 0.44138319131759185,
        "confidence": 1.4814327328472154
      }
    },
    "gpt2-medium": {
      "Layer 0": {
        "verdict": "Mixed",
        "ks_goe": 0.7944238547705486,
        "ks_poisson": 0.6621912036123863,
        "confidence": 0.19968953141752196
      },
      "Layer 11": {
        "verdict": "Poisson",
        "ks_goe": 0.5490229313324624,
        "ks_poisson": 0.33331896709906395,
        "confidence": 1.6471397835854034
      },
      "Layer 23": {
        "verdict": "Poisson",
        "ks_goe": 0.5977630547647486,
        "ks_poisson": 0.3825483850603113,
        "confidence": 1.5625815664350726
      }
    },
    "gpt2-large": {
      "Layer 0": {
        "verdict": "Mixed",
        "ks_goe": 0.7669775070297802,
        "ks_poisson": 0.6147448467127135,
        "confidence": 0.24763552086872406
      },
      "Layer 17": {
        "verdict": "Mixed",
        "ks_goe": 0.7461655687502905,
        "ks_poisson": 0.5449662369801906,
        "confidence": 0.3691959576890511
      },
      "Layer 35": {
        "verdict": "Mixed",
        "ks_goe": 0.7518219160232067,
        "ks_poisson": 0.5587833589459882,
        "confidence": 0.34546225113314005
      }
    },
    "TinyLlama-1.1B-Chat-v1.0": {
      "Layer 0": {
        "verdict": "Mixed",
        "ks_goe": 0.7635044588015378,
        "ks_poisson": 0.6270221493625036,
        "confidence": 0.21766744536504254
      },
      "Layer 10": {
        "verdict": "Poisson",
        "ks_goe": 0.5305413497501777,
        "ks_poisson": 0.3151615155750679,
        "confidence": 1.6833950959466333
      },
      "Layer 21": {
        "verdict": "Poisson",
        "ks_goe": 0.5489290369156808,
        "ks_poisson": 0.33793068348516997,
        "confidence": 1.6243835311266446
      }
    },
    "OLMo-1B-hf": {
      "Layer 0": {
        "verdict": "Mixed",
        "ks_goe": 0.7253558871859042,
        "ks_poisson": 0.5128808850245063,
        "confidence": 0.41427748306752626
      },
      "Layer 7": {
        "verdict": "Poisson",
        "ks_goe": 0.6846497801378638,
        "ks_poisson": 0.4718985607348015,
        "confidence": 1.4508410008112413
      },
      "Layer 15": {
        "verdict": "Poisson",
        "ks_goe": 0.6632475952841214,
        "ks_poisson": 0.4552830400324823,
        "confidence": 1.4567808087839198
      }
    },
    "pythia-410m": {
      "Layer 0": {
        "verdict": "Mixed",
        "ks_goe": 0.8458910266907916,
        "ks_poisson": 0.6714746988180912,
        "confidence": 0.2597511539596393
      },
      "Layer 11": {
        "verdict": "Mixed",
        "ks_goe": 0.9800200341151024,
        "ks_poisson": 0.9432689798659011,
        "confidence": 0.03896137266639046
      },
      "Layer 23": {
        "verdict": "Mixed",
        "ks_goe": 0.7889814757298631,
        "ks_poisson": 0.6170172745531256,
        "confidence": 0.2787024095902055
      }
    },
    "pythia-1b": {
      "Layer 0": {
        "verdict": "Mixed",
        "ks_goe": 0.8390838889069364,
        "ks_poisson": 0.6643303902660513,
        "confidence": 0.26305209155176495
      },
      "Layer 7": {
        "verdict": "Mixed",
        "ks_goe": 0.7783041314549951,
        "ks_poisson": 0.5791782330290306,
        "confidence": 0.34380763480105364
      },
      "Layer 15": {
        "verdict": "Mixed",
        "ks_goe": 0.760018135287672,
        "ks_poisson": 0.5730965873003588,
        "confidence": 0.32616063701902304
      }
    },
    "bloom-560m": {
      "Layer 0": {
        "verdict": "Poisson",
        "ks_goe": 0.5764152777626135,
        "ks_poisson": 0.3673691839300176,
        "confidence": 1.569035463443821
      },
      "Layer 11": {
        "verdict": "Poisson",
        "ks_goe": 0.5615014281790277,
        "ks_poisson": 0.3533283245412019,
        "confidence": 1.5891775133175052
      },
      "Layer 23": {
        "verdict": "Poisson",
        "ks_goe": 0.6083957885600488,
        "ks_poisson": 0.3977177475787561,
        "confidence": 1.5297174749275533
      }
    }
  }
}